Workbook

Sheet Pozycje
A1: ID | B1: Sekcja | C1: Podsekcja | D1: Lp./Ref | E1: Pozycja | F1: Ilość z dokumentu | G1: Ilość do wyceny | H1: Opis / zakres | I1: Cena jedn. netto [PLN] | J1: Wartość netto [PLN] | K1: Uwagi wykonawcy
A2: AUT-001 | B2: Automatyka KNX | C2: Urządzenia systemowe | E2: Obwody oświetlenia On/Off | F2: 41 | G2: 41 | H2: Sterowanie oświetleniem klasycznym, w domu oraz terenie zewnętrznym. | J2: =IF(OR(G2="",I2=""),"",G2*I2)
A3: AUT-002 | B3: Automatyka KNX | C3: Urządzenia systemowe | E3: Obwody oświetlenia ściemnianego fazowo | F3: 4 | G3: 4 | H3: Sterowanie oświetleniem ściemnianym klasycznie. | J3: =IF(OR(G3="",I3=""),"",G3*I3)
A4: AUT-003 | B4: Automatyka KNX | C4: Urządzenia systemowe | E4: Obwody oświetlenia ściemnianego LED RGBW | F4: 0 | G4: 0 | H4: Sterowanie ściemnianymi paskami LED RGBW (ustawianie koloru). | J4: =IF(OR(G4="",I4=""),"",G4*I4)
A5: AUT-004 | B5: Automatyka KNX | C5: Urządzenia systemowe | E5: Obwody oświetlenia ściemnianego LED MONO | F5: 12 | G5: 12 | H5: Sterowanie ściemnianymi paskami LED jednobarwnymi. | J5: =IF(OR(G5="",I5=""),"",G5*I5)
A6: AUT-005 | B6: Automatyka KNX | C6: Urządzenia systemowe | E6: Inne elementy sterowane | F6: 3 | G6: 3 | H6: Inne obwody sterowane impulsowo lub napięciowo: bramy, furtki, zawory, itp. | J6: =IF(OR(G6="",I6=""),"",G6*I6)
A7: AUT-006 | B7: Automatyka KNX | C7: Urządzenia systemowe | E7: Przesłony okienne | F7: 12 | G7: 12 | H7: Sterowanie mechanizmami żaluzji, rolet, zasłon, firan, itp. | J7: =IF(OR(G7="",I7=""),"",G7*I7)
A8: AUT-007 | B8: Automatyka KNX | C8: Urządzenia systemowe | E8: Strefy ogrzewania / chłodzenia | F8: 17 | G8: 17 | H8: Sterowanie temperaturą w pomieszczeniach. | J8: =IF(OR(G8="",I8=""),"",G8*I8)
A9: AUT-008 | B9: Automatyka KNX | C9: Urządzenia systemowe | E9: Multisensor (T, H, M) | F9: 3 | G9: 3 | H9: Sufitowe czujniki temperatury, wilgotności, ruchu. | J9: =IF(OR(G9="",I9=""),"",G9*I9)
A10: AUT-009 | B10: Automatyka KNX | C10: Urządzenia systemowe | E10: Czujnik ruchu - wewnętrzny | F10: 7 | G10: 7 | H10: Sufitowy, wewnętrzny czujnik ruchu. | J10: =IF(OR(G10="",I10=""),"",G10*I10)
A11: AUT-010 | B11: Automatyka KNX | C11: Urządzenia systemowe | E11: Czujnik jakości powietrza (T, H, CO2, VOC) | F11: 1 | G11: 1 | H11: Czujnik jakości powietrza: temp., wilg., CO2, lotne związki organiczne. | J11: =IF(OR(G11="",I11=""),"",G11*I11)
A12: AUT-011 | B12: Automatyka KNX | C12: Urządzenia systemowe | E12: Stacja METEO / Zewnętrzny czujnik temperatury | F12: 0 | G12: 0 | H12: Czujnik temperatury na elewację - T | J12: =IF(OR(G12="",I12=""),"",G12*I12)
A13: AUT-012 | B13: Automatyka KNX | C13: Urządzenia systemowe | E13: Bramka KNX-IP | F13: 1 | G13: 1 | H13: Interface do komunikacji sieciowej. | J13: =IF(OR(G13="",I13=""),"",G13*I13)
... A21: AUT-020 | B21: Automatyka KNX | C21: Urządzenia systemowe | E21: Ramka do iPada (11”) + ładowarka podtynkowa | F21: 0 | G21: 0 | H21: Ramka do iPada 11 generacji (11”) w kolorze czarnym + ładowarka USB-C | J21: =IF(OR(G21="",I21=""),"",G21*I21)
A22: AUT-021 | B22: Automatyka KNX | C22: Urządzenia systemowe | E22: iPad 11” (Gen 11) | F22: 0 | G22: 0 | J22: =IF(OR(G22="",I22=""),"",G22*I22)
A23: AUT-022 | B23: Automatyka KNX | C23: Urządzenia systemowe | E23: Integracja z systemem wentylacji mechanicznej | F23: TAK | G23: 1 | H23: Wymagana centrala wentylacyjna z interfejsem KNX lub MODBUS. | J23: =IF(OR(G23="",I23=""),"",G23*I23)
A24: AUT-023 | B24: Automatyka KNX | C24: Urządzenia systemowe | E24: Integracja z systemem klimatyzacji | F24: TAK | G24: 1 | H24: Wymagana jednostka z interfejsem KNX lub MODBUS. | J24: =IF(OR(G24="",I24=""),"",G24*I24)
A25: AUT-024 | B25: Automatyka KNX | C25: Urządzenia systemowe | E25: Integracja z systemem alarmowym | F25: TAK | G25: 1 | H25: Wymagany Satel Integra z kartą INT-KNX. | J25: =IF(OR(G25="",I25=""),"",G25*I25)
A26: AUT-025 | B26: Automatyka KNX | C26: Urządzenia systemowe | E26: Integracja z systemem PV hybrydowym | F26: TAK | G26: 1 | H26: Wymagany inwerter z interfejsem MODBUS oraz dokumentacja. | J26: =IF(OR(G26="",I26=""),"",G26*I26)
A27: AUT-026 | B27: Automatyka KNX | C27: Urządzenia systemowe | E27: Integracja z pompą ciepła | F27: NIE | G27: 0 | H27: Wymagana jednostka z interfejsem KNX lub MODBUS oraz dokumentacja. | J27: =IF(OR(G27="",I27=""),"",G27*I27)
A28: AUT-027 | B28: Automatyka KNX | C28: Urządzenia systemowe | E28: Asystent oświetlenia | F28: TAK | G28: 1 | H28: Podstawowa automatyzacja oświetlenia. | J28: =IF(OR(G28="",I28=""),"",G28*I28)
A29: AUT-028 | B29: Automatyka KNX | C29: Urządzenia systemowe | E29: Asystent przesłon okiennych | F29: TAK | G29: 1 | H29: Podstawowa automatyzacja sterowania przesłonami / roletami. | J29: =IF(OR(G29="",I29=""),"",G29*I29)
A30: AUT-029 | B30: Automatyka KNX | C30: Urządzenia systemowe | E30: Asystent wentylacji | F30: TAK | G30: 1 | H30: Podstawowa automatyzacja systemu wentylacji. | J30: =IF(OR(G30="",I30=""),"",G30*I30)
A31: AUT-030 | B31: Automatyka KNX | C31: Urządzenia systemowe | E31: Asystent energii | F31: NIE | G31: 0 | H31: Podstawowy monitoring zużycia energii. | J31: =IF(OR(G31="",I31=""),"",G31*I31)
A32: AUT-031 | B32: Automatyka KNX | C32: Urządzenia systemowe | E32: Asystent głosowy | F32: NIE | G32: 0 | H32: Google Home – wybrane komendy. | J32: =IF(OR(G32="",I32=""),"",G32*I32)
A33: PRZ-001 | B33: Przyciski systemowe | C33: Panele | E33: Panel systemowy KNX – 1 przycisk | F33: 0 | G33: 0 | H33: JUNG LS 990 F40/F50 aluminium dark | J33: =IF(OR(G33="",I33=""),"",G33*I33)
A34: PRZ-002 | B34: Przyciski systemowe | C34: Panele | E34: Panel systemowy KNX – 2 przyciski | F34: 6 | G34: 6 | H34: JUNG LS 990 F40/F50 aluminium dark | J34: =IF(OR(G34="",I34=""),"",G34*I34)
A35: PRZ-003 | B35: Przyciski systemowe | C35: Panele | E35: Panel systemowy KNX – 4 przyciski | F35: 40 | G35: 40 | H35: JUNG LS 990 F40/F50 aluminium dark | J35: =IF(OR(G35="",I35=""),"",G35*I35)
A36: PRZ-004 | B36: Przyciski systemowe | C36: Panele | E36: Panel systemowy KNX – LCD | F36: 0 | G36: 0 | H36: JUNG LS Touch aluminium dark | J36: =IF(OR(G36="",I36=""),"",G36*I36)
A37: PRA-001 | B37: Prace (robocizna) | C37: Usługi | E37: Montaż i uruchomienie | F37: 1 | G37: 1 | H37: Montaż elementów w przygotowanych miejscach (puszki elektryczne, rozdzielnia). | J37: =IF(OR(G37="",I37=""),"",G37*I37)
A38: PRA-002 | B38: Prace (robocizna) | C38: Usługi | E38: Programowanie + wizualizacja | F38: 1 | G38: 1 | H38: Zaprogramowanie powiązań elementów sterujących i wykonawczych, logika, automatyzacja, indywidualna aplikacja do zarządzania funkcjami automatyki (sterowanie, statusy, itd.) na iOS, Android, PC. | J38: =IF(OR(G38="",I38=""),"",G38*I38)
A39: SIE-001 | B39: Sieć LAN/WiFi | C39: Urządzenia i akcesoria | D39: 1 | E39: Ubiquiti Dream Machine Pro | F39: 1 | G39: 1 | H39: Zaawansowany router z firewallem oraz kontrolerem sieci WiFi. Cena źródłowa obejmowała montaż standardowy, uruchomienie oraz podstawową konfigurację. | J39: =IF(OR(G39="",I39=""),"",G39*I39)
A40: SIE-002 | B40: Sieć LAN/WiFi | C40: Urządzenia i akcesoria | D40: 2 | E40: Ubiquiti USW-PRO-24-POE | F40: 1 | G40: 1 | H40: Switch zarządzalny L2/L3 Gigabit Ethernet (10/100/1000) - 16x GbE PoE+ (802.3at/af), 8x GbE PoE ++, 2x SFP+. | J40: =IF(OR(G40="",I40=""),"",G40*I40)
A41: SIE-003 | B41: Sieć LAN/WiFi | C41: Urządzenia i akcesoria | D41: 3 | E41: Ubiquiti USW-24 | F41: 1 | G41: 1 | H41: Switch zarządzalny L2/L3 Gigabit Ethernet (10/100/1000) - 24x GbE, 2x SFP+. | J41: =IF(OR(G41="",I41=""),"",G41*I41)
A42: SIE-004 | B42: Sieć LAN/WiFi | C42: Urządzenia i akcesoria | D42: 4 | E42: Ubiquiti UACC-DAC-SFP10-0.5M | F42: 2 | G42: 2 | H42: SFP+ - Direct Attach Copper Cable, 10Gbps, 0.5M. Kabel do łączenia aktywnych urządzeń sieciowych. | J42: =IF(OR(G42="",I42=""),"",G42*I42)
A43: SIE-005 | B43: Sieć LAN/WiFi | C43: Urządzenia i akcesoria | D43: 5 | E43: Ubiquiti U6-LR | F43: 6 | G43: 6 | H43: Wewnętrzny punkt dostępowy ze standardem WiFi 6 - UniFi 6 Long-Range 3000 Mbit/s, biały. | J43: =IF(OR(G43="",I43=""),"",G43*I43)
A44: SIE-006 | B44: Sieć LAN/WiFi | C44: Urządzenia i akcesoria | D44: 6 | E44: Ubiquiti U6-Mesh-Pro | F44: 2 | G44: 2 | H44: Zewnętrzny punkt dostępowy WiFi 6 z 4 strumieniami przestrzennymi, zintegrowaną super anteną i portem o przepustowości gigabit. | J44: =IF(OR(G44="",I44=""),"",G44*I44)
A45: SIE-007 | B45: Sieć LAN/WiFi | C45: Urządzenia i akcesoria | D45: 7 | E45: Patchpanel modularny 24p | F45: 2 | G45: 2 | H45: Panel krosowy modularny 19" 24x keystone, ekranowany, 1U, czarny, prowadnica kabli, pola opisowe. | J45: =IF(OR(G45="",I45=""),"",G45*I45)
A46: SIE-008 | B46: Sieć LAN/WiFi | C46: Urządzenia i akcesoria | D46: 8 | E46: Keystone RJ45 (8P8C) kat.6A | F46: 48 | G46: 48 | H46: Moduł (gniazdo) keystone RJ45 (8P8C) kat.6A, STP, ekranowany, beznarzędziowy, stalowy. | J46: =IF(OR(G46="",I46=""),"",G46*I46)
A47: SIE-009 | B47: Sieć LAN/WiFi | C47: Urządzenia i akcesoria | D47: 9 | E47: Patchcord LAN kat. 6, kolor, 0,5m | F47: 48 | G47: 48 | H47: Kabel sieciowy, miedziany. Patchcord LAN o długości pół metra. | J47: =IF(OR(G47="",I47=""),"",G47*I47)
A48: SIE-010 | B48: Sieć LAN/WiFi | C48: Urządzenia i akcesoria | D48: 10 | E48: Patchcord LAN kat. 6, kolor, 1m | F48: 5 | G48: 5 | H48: Kabel sieciowy, miedziany. Patchcord LAN o długości jednego metra. | J48: =IF(OR(G48="",I48=""),"",G48*I48)
A49: SIE-011 | B49: Sieć LAN/WiFi | C49: Urządzenia i akcesoria | D49: 11 | E49: Patchcord LAN kat. 6, kolor, 3m | F49: 2 | G49: 2 | H49: Kabel sieciowy, miedziany. Patchcord LAN o długości trzech metrów. | J49: =IF(OR(G49="",I49=""),"",G49*I49)
A50: SIE-012 | B50: Sieć LAN/WiFi | C50: Urządzenia i akcesoria | D50: 12 | E50: Organizer kabli 19" | F50: 4 | G50: 4 | H50: Przepust kablowy do organizacji kabli "szczotka" 1U. | J50: =IF(OR(G50="",I50=""),"",G50*I50)
... A93: MON-009 | B93: Monitoring wideo | C93: Urządzenia i akcesoria | D93: 9 | E93: Konfiguracja PRO | F93: 0 | G93: 0 | H93: Opcjonalna zaawansowana konfiguracja systemu - do ustalenia. | J93: =IF(OR(G93="",I93=""),"",G93*I93)
A94: WID-001 | B94: Wideo domofon IP | C94: Urządzenia i akcesoria | E94: Stacja bramowa Doorbird D1101V | F94: 1 | G94: 1 | H94: Podtynkowa stacja bramowa, szczotkowana stal nierdzewna. | J94: =IF(OR(G94="",I94=""),"",G94*I94)
A95: WID-002 | B95: Wideo domofon IP | C95: Urządzenia i akcesoria | E95: Stacja wewnętrzna Doorbird A1101 WE | F95: 2 | G95: 2 | H95: Stacja wewnętrzna, biała. | J95: =IF(OR(G95="",I95=""),"",G95*I95)
A96: WID-003 | B96: Wideo domofon IP | C96: Urządzenia i akcesoria | E96: Montaż | F96: 1 | G96: 1 | H96: W przygotowanych miejscach (puszkę pod stację bramową powinien osadzić wykonawca ogrodzenia). | J96: =IF(OR(G96="",I96=""),"",G96*I96)
A97: WID-004 | B97: Wideo domofon IP | C97: Urządzenia i akcesoria | E97: Uruchomienie i konfiguracja standardowa | F97: 1 | G97: 1 | J97: =IF(OR(G97="",I97=""),"",G97*I97)
A98: ROZ-001 | B98: Rozdzielnica elektryczna | C98: Obudowa, wyposażenie, aparaty, dokumentacja | E98: Obudowa rozdzielni 2125 mm x 1230 mm x 250 mm | F98: 1 | G98: 1 | H98: Metalowa, z cokołem, malowana proszkowo, kompletna, bez pleców. | J98: =IF(OR(G98="",I98=""),"",G98*I98)
A99: ROZ-002 | B99: Rozdzielnica elektryczna | C99: Obudowa, wyposażenie, aparaty, dokumentacja | E99: Rozłącznik izolacyjny 63A/3 | F99: 3 | G99: 3 | J99: =IF(OR(G99="",I99=""),"",G99*I99)
A100: ROZ-003 | B100: Rozdzielnica elektryczna | C100: Obudowa, wyposażenie, aparaty, dokumentacja | E100: Rozłącznik izolacyjny 100A/3 | F100: 1 | G100: 1 | J100: =IF(OR(G100="",I100=""),"",G100*I100)
A101: ROZ-004 | B101: Rozdzielnica elektryczna | C101: Obudowa, wyposażenie, aparaty, dokumentacja | E101: Przełącznik główny awaryjny 63A/1-0-2 | F101: 1 | G101: 1 | H101: Przełącznik zasilania awaryjnego (na przykład z agregatu). | J101: =IF(OR(G101="",I101=""),"",G101*I101)
A102: ROZ-005 | B102: Rozdzielnica elektryczna | C102: Obudowa, wyposażenie, aparaty, dokumentacja | E102: Wskaźnik napięcia sieci - trójfazowy | F102: 2 | G102: 2 | J102: =IF(OR(G102="",I102=""),"",G102*I102)
A103: ROZ-006 | B103: Rozdzielnica elektryczna | C103: Obudowa, wyposażenie, aparaty, dokumentacja | E103: Ochronnik I+II (B+C) 275/25 | F103: 1 | G103: 1 | H103: Ochrona przed wyładowaniami atmosferycznymi i przepięciami z sieci. | J103: =IF(OR(G103="",I103=""),"",G103*I103)
A104: ROZ-007 | B104: Rozdzielnica elektryczna | C104: Obudowa, wyposażenie, aparaty, dokumentacja | E104: Blok rozdzielczy PE 192A | F104: 1 | G104: 1 | J104: =IF(OR(G104="",I104=""),"",G104*I104)
A105: ROZ-008 | B105: Rozdzielnica elektryczna | C105: Obudowa, wyposażenie, aparaty, dokumentacja | E105: Blok rozdzielczy 125A | F105: 2 | G105: 2 | J105: =IF(OR(G105="",I105=""),"",G105*I105)
A106: ROZ-009 | B106: Rozdzielnica elektryczna | C106: Obudowa, wyposażenie, aparaty, dokumentacja | E106: Blok rozdzielczy 10A | F106: 1 | G106: 1 | J106: =IF(OR(G106="",I106=""),"",G106*I106)
A107: ROZ-010 | B107: Rozdzielnica elektryczna | C107: Obudowa, wyposażenie, aparaty, dokumentacja | E107: Wyłącznik różnicowoprądowy 10kA, 40A, 4P, 30mA, A | F107: 5 | G107: 5 | J107: =IF(OR(G107="",I107=""),"",G107*I107)
A108: ROZ-011 | B108: Rozdzielnica elektryczna | C108: Obudowa, wyposażenie, aparaty, dokumentacja | E108: Wyłącznik różnicowoprądowy 10kA, 40A, 2P, 30mA, A | F108: 15 | G108: 15 | J108: =IF(OR(G108="",I108=""),"",G108*I108)
A109: ROZ-012 | B109: Rozdzielnica elektryczna | C109: Obudowa, wyposażenie, aparaty, dokumentacja | E109: Wyłącznik instalacyjny nadprądowy 10kA C16/3P | F109: 1 | G109: 1 | J109: =IF(OR(G109="",I109=""),"",G109*I109)
A110: ROZ-013 | B110: Rozdzielnica elektryczna | C110: Obudowa, wyposażenie, aparaty, dokumentacja | E110: Wyłącznik instalacyjny nadprądowy 10kA B16/3P | F110: 5 | G110: 5 | J110: =IF(OR(G110="",I110=""),"",G110*I110)
A111: ROZ-014 | B111: Rozdzielnica elektryczna | C111: Obudowa, wyposażenie, aparaty, dokumentacja | E111: Wyłącznik instalacyjny nadprądowy 10kA B16/1P | F111: 33 | G111: 33 | J111: =IF(OR(G111="",I111=""),"",G111*I111)
A112: ROZ-015 | B112: Rozdzielnica elektryczna | C112: Obudowa, wyposażenie, aparaty, dokumentacja | E112: Wyłącznik instalacyjny nadprądowy 10kA B10/1P | F112: 23 | G112: 23 | J112: =IF(OR(G112="",I112=""),"",G112*I112)
A113: ROZ-016 | B113: Rozdzielnica elektryczna | C113: Obudowa, wyposażenie, aparaty, dokumentacja | E113: Wyłącznik instalacyjny nadprądowy 10kA B6/1P | F113: 6 | G113: 6 | J113: =IF(OR(G113="",I113=""),"",G113*I113)
A114: ROZ-017 | B114: Rozdzielnica elektryczna | C114: Obudowa, wyposażenie, aparaty, dokumentacja | E114: Oszynowanie 1 fazowe 16mm², 1m | F114: 2 | G114: 2 | J114: =IF(OR(G114="",I114=""),"",G114*I114)
A115: ROZ-018 | B115: Rozdzielnica elektryczna | C115: Obudowa, wyposażenie, aparaty, dokumentacja | E115: Oszynowanie 3 torowe 16mm2, L1/L2/L3, 12 modułów | F115: 5 | G115: 5 | J115: =IF(OR(G115="",I115=""),"",G115*I115)
... A126: ROZ-029 | B126: Rozdzielnica elektryczna | C126: Obudowa, wyposażenie, aparaty, dokumentacja | E126: Licznik energii 3F, MODBUS (PC dom) | F126: 0 | G126: 0 | J126: =IF(OR(G126="",I126=""),"",G126*I126)
A127: ROZ-030 | B127: Rozdzielnica elektryczna | C127: Obudowa, wyposażenie, aparaty, dokumentacja | E127: Prace | F127: 1 | G127: 1 | H127: Dostawa i montaż rozdzielni, instalacja aparatów elektrycznych, podłączenia elektryczne. | J127: =IF(OR(G127="",I127=""),"",G127*I127)
A128: ROZ-031 | B128: Rozdzielnica elektryczna | C128: Obudowa, wyposażenie, aparaty, dokumentacja | E128: Pomiary elektryczne | F128: TAK | G128: 1 | J128: =IF(OR(G128="",I128=""),"",G128*I128)
A129: OPR-001 | B129: Opracowanie / plany | C129: Plany i wytyczne | E129: Wytyczne elektryczne | F129: 1 | G129: 1 | J129: =IF(OR(G129="",I129=""),"",G129*I129)
A130: OPR-002 | B130: Opracowanie / plany | C130: Plany i wytyczne | E130: Uproszczony plan systemu automatyki | F130: 1 | G130: 1 | J130: =IF(OR(G130="",I130=""),"",G130*I130)
A131: OPR-003 | B131: Opracowanie / plany | C131: Plany i wytyczne | E131: Uproszczony plan systemu alarmowego | F131: 1 | G131: 1 | J131: =IF(OR(G131="",I131=""),"",G131*I131)
A132: OPR-004 | B132: Opracowanie / plany | C132: Plany i wytyczne | E132: Uproszczony plan sieci LAN/WiFi | F132: 1 | G132: 1 | J132: =IF(OR(G132="",I132=""),"",G132*I132)
A133: OPR-005 | B133: Opracowanie / plany | C133: Plany i wytyczne | E133: Uproszczony plan systemu monitoringu | F133: 1 | G133: 1 | J133: =IF(OR(G133="",I133=""),"",G133*I133)
A134: OPR-006 | B134: Opracowanie / plany | C134: Plany i wytyczne | E134: Konsultacja międzybranżowa na inwestycji (3h) | F134: 2 | G134: 2 | J134: =IF(OR(G134="",I134=""),"",G134*I134)
A135: OPR-007 | B135: Opracowanie / plany | C135: Plany i wytyczne | E135: Zmiany w planach | F135: 1 | G135: 1 | J135: =IF(OR(G135="",I135=""),"",G135*I135)

Sheet Podsumowanie
A1: Podsumowanie oferty
A3: Stawka VAT | B3: 0.08
A5: Sekcja | B5: Wartość netto [PLN]
A6: Automatyka KNX | B6: =SUMIF(Pozycje!$B$2:$B$135,A6,Pozycje!$J$2:$J$135) -> 0
A7: Przyciski systemowe | B7: =SUMIF(Pozycje!$B$2:$B$135,A7,Pozycje!$J$2:$J$135) -> 0
A8: Prace (robocizna) | B8: =SUMIF(Pozycje!$B$2:$B$135,A8,Pozycje!$J$2:$J$135) -> 0
A9: Sieć LAN/WiFi | B9: =SUMIF(Pozycje!$B$2:$B$135,A9,Pozycje!$J$2:$J$135) -> 0
A10: System alarmowy | B10: =SUMIF(Pozycje!$B$2:$B$135,A10,Pozycje!$J$2:$J$135) -> 0
A11: Monitoring wideo | B11: =SUMIF(Pozycje!$B$2:$B$135,A11,Pozycje!$J$2:$J$135) -> 0
A12: Wideo domofon IP | B12: =SUMIF(Pozycje!$B$2:$B$135,A12,Pozycje!$J$2:$J$135) -> 0
A13: Rozdzielnica elektryczna | B13: =SUMIF(Pozycje!$B$2:$B$135,A13,Pozycje!$J$2:$J$135) -> 0
A14: Opracowanie / plany | B14: =SUMIF(Pozycje!$B$2:$B$135,A14,Pozycje!$J$2:$J$135) -> 0
A16: Razem netto | B16: =SUM(B6:B14) -> 0
A17: VAT | B17: =B16*$B$3 -> 0
A18: Wskazówka: | B18: =B16+B17 -> 0
